Comment,Designator,Footprint,LCSC
"22uF","C1,C2,C3,C4,C5","Capacitor_SMD:C_0805_2012Metric_Pad1.18x1.45mm_HandSolder","C45783"
"Conn_01x05_Male","J1,J2","Connector_JST:JST_XH_B5B-XH-A_1x05_P2.50mm_Vertical","DNF"
"Conn_02x14_Counter_Clockwise","J3,J4","Connector_PinSocket_2.54mm:PinSocket_2x14_P2.54mm_Vertical","DNF"
"SJ_O","JP1,JP2,JP3,JP4","Jumper:SolderJumper-2_P1.3mm_Open_Pad1.0x1.5mm","DNF"
"470","R1,R2,R3,R4,R5,R6,R7,R8,R9,R10,R11,R12,R13,R14,R15,R16,R17,R18,R19,R20,R21,R22,R23,R34,R35,R36,R37","Resistor_SMD:R_0402_1005Metric_Pad0.72x0.64mm_HandSolder","C25117"
"1k","R24,R25,R26,R27,R28,R29,R30,R31,R32,R33,R41,R42,R43,R44,R45,R46,R47,R48,R49,R50,R51,R52,R53,R54","Resistor_SMD:R_0402_1005Metric_Pad0.72x0.64mm_HandSolder","C11702"
"10k","R38,R39,R40","Resistor_SMD:R_0402_1005Metric_Pad0.72x0.64mm_HandSolder","C25744"
"SN74HC14DR","U1","Package_SO:SOIC-14_3.9x8.7mm_P1.27mm","C6820"
"Pico","U2","MCU_RaspberryPi_and_Boards:RPi_Pico_SMD_TH","DNF"
"M24C32-WMN6TP","U3","Package_SO:SO-8_3.9x4.9mm_P1.27mm","C79920"
"74HC595","U4,U5,U7,U8,U9,U10","Package_SO:SO-16_3.9x9.9mm_P1.27mm","C507176"
"74HC165","U6","Package_SO:SO-16_3.9x9.9mm_P1.27mm","C5613"