﻿Designator,Val,Package,Mid X,Mid Y,Rotation,Side
C1,22,C_0805_2012Metric_Pad1.18x1.45mm_HandSolder,34.650000,-17.000000,180.000000,top
C2,22,C_0805_2012Metric_Pad1.18x1.45mm_HandSolder,18.825000,-73.218750,90.000000,top
C3,22,C_0805_2012Metric_Pad1.18x1.45mm_HandSolder,21.175000,-17.225000,180.000000,top
C4,22,C_0805_2012Metric_Pad1.18x1.45mm_HandSolder,18.825000,-66.262500,90.000000,top
C5,22,C_0805_2012Metric_Pad1.18x1.45mm_HandSolder,18.825000,-80.175000,-90.000000,top
J1,Conn_01x05_Male,JST_XH_B5B-XH-A_1x05_P2.50mm_Vertical,2.950000,-21.450000,90.000000,top
J2,Conn_01x05_Male,JST_XH_B5B-XH-A_1x05_P2.50mm_Vertical,52.050000,-11.450000,-90.000000,top
J3,Conn_02x14_Counter_Clockwise,PinSocket_2x14_P2.54mm_Vertical,11.000000,-3.000000,90.000000,top
J4,Conn_02x14_Counter_Clockwise,PinSocket_2x14_P2.54mm_Vertical,11.000000,-93.950000,90.000000,top
R1,470,R_0402_1005Metric_Pad0.72x0.64mm_HandSolder,45.750000,-10.700000,-90.000000,top
R2,470,R_0402_1005Metric_Pad0.72x0.64mm_HandSolder,44.087500,-10.700000,-90.000000,top
R3,470,R_0402_1005Metric_Pad0.72x0.64mm_HandSolder,42.425000,-10.700000,-90.000000,top
R4,470,R_0402_1005Metric_Pad0.72x0.64mm_HandSolder,40.762500,-10.700000,-90.000000,top
R5,470,R_0402_1005Metric_Pad0.72x0.64mm_HandSolder,39.100000,-10.700000,-90.000000,top
R6,470,R_0402_1005Metric_Pad0.72x0.64mm_HandSolder,37.437500,-10.700000,-90.000000,top
R7,470,R_0402_1005Metric_Pad0.72x0.64mm_HandSolder,35.775000,-10.700000,-90.000000,top
R8,470,R_0402_1005Metric_Pad0.72x0.64mm_HandSolder,34.112500,-10.700000,-90.000000,top
R9,470,R_0402_1005Metric_Pad0.72x0.64mm_HandSolder,32.450000,-10.700000,-90.000000,top
R10,470,R_0402_1005Metric_Pad0.72x0.64mm_HandSolder,9.175000,-10.700000,90.000000,top
R11,470,R_0402_1005Metric_Pad0.72x0.64mm_HandSolder,10.837500,-10.700000,90.000000,top
R12,470,R_0402_1005Metric_Pad0.72x0.64mm_HandSolder,12.500000,-10.700000,90.000000,top
R13,470,R_0402_1005Metric_Pad0.72x0.64mm_HandSolder,14.162500,-10.700000,90.000000,top
R14,470,R_0402_1005Metric_Pad0.72x0.64mm_HandSolder,15.825000,-10.700000,90.000000,top
R15,470,R_0402_1005Metric_Pad0.72x0.64mm_HandSolder,17.487500,-10.700000,90.000000,top
R16,470,R_0402_1005Metric_Pad0.72x0.64mm_HandSolder,19.150000,-10.700000,90.000000,top
R17,470,R_0402_1005Metric_Pad0.72x0.64mm_HandSolder,20.812500,-10.700000,90.000000,top
R18,470,R_0402_1005Metric_Pad0.72x0.64mm_HandSolder,22.475000,-10.700000,90.000000,top
R19,470,R_0402_1005Metric_Pad0.72x0.64mm_HandSolder,24.137500,-10.700000,90.000000,top
R20,470,R_0402_1005Metric_Pad0.72x0.64mm_HandSolder,25.800000,-10.700000,90.000000,top
R21,470,R_0402_1005Metric_Pad0.72x0.64mm_HandSolder,27.462500,-10.700000,90.000000,top
R22,470,R_0402_1005Metric_Pad0.72x0.64mm_HandSolder,29.125000,-10.700000,90.000000,top
R23,470,R_0402_1005Metric_Pad0.72x0.64mm_HandSolder,30.787500,-10.700000,90.000000,top
R24,1,R_0402_1005Metric_Pad0.72x0.64mm_HandSolder,53.500000,-89.325000,-90.000000,top
R25,1,R_0402_1005Metric_Pad0.72x0.64mm_HandSolder,51.574050,-89.325000,-90.000000,top
R26,1,R_0402_1005Metric_Pad0.72x0.64mm_HandSolder,49.648125,-89.325000,-90.000000,top
R27,1,R_0402_1005Metric_Pad0.72x0.64mm_HandSolder,47.722200,-89.325000,-90.000000,top
R28,1,R_0402_1005Metric_Pad0.72x0.64mm_HandSolder,45.796275,-89.325000,-90.000000,top
R29,1,R_0402_1005Metric_Pad0.72x0.64mm_HandSolder,43.870350,-89.325000,-90.000000,top
R30,1,R_0402_1005Metric_Pad0.72x0.64mm_HandSolder,41.944425,-89.325000,-90.000000,top
R31,1,R_0402_1005Metric_Pad0.72x0.64mm_HandSolder,40.018500,-89.325000,-90.000000,top
R32,1,R_0402_1005Metric_Pad0.72x0.64mm_HandSolder,38.092575,-89.325000,-90.000000,top
R33,1,R_0402_1005Metric_Pad0.72x0.64mm_HandSolder,36.166650,-89.325000,-90.000000,top
R34,470,R_0402_1005Metric_Pad0.72x0.64mm_HandSolder,34.240725,-89.325000,90.000000,top
R35,470,R_0402_1005Metric_Pad0.72x0.64mm_HandSolder,32.314800,-89.325000,90.000000,top
R36,470,R_0402_1005Metric_Pad0.72x0.64mm_HandSolder,30.388875,-89.325000,90.000000,top
R37,470,R_0402_1005Metric_Pad0.72x0.64mm_HandSolder,28.462950,-89.325000,90.000000,top
R38,10,R_0402_1005Metric_Pad0.72x0.64mm_HandSolder,2.900000,-29.075000,90.000000,top
R39,10,R_0402_1005Metric_Pad0.72x0.64mm_HandSolder,5.612500,-29.075000,90.000000,top
R40,10,R_0402_1005Metric_Pad0.72x0.64mm_HandSolder,8.325000,-29.075000,90.000000,top
R41,1,R_0402_1005Metric_Pad0.72x0.64mm_HandSolder,11.129625,-89.325000,-90.000000,top
R42,1,R_0402_1005Metric_Pad0.72x0.64mm_HandSolder,13.055550,-89.325000,-90.000000,top
R43,1,R_0402_1005Metric_Pad0.72x0.64mm_HandSolder,14.981475,-89.325000,-90.000000,top
R44,1,R_0402_1005Metric_Pad0.72x0.64mm_HandSolder,16.907400,-89.325000,-90.000000,top
R45,1,R_0402_1005Metric_Pad0.72x0.64mm_HandSolder,18.833325,-89.325000,-90.000000,top
R46,1,R_0402_1005Metric_Pad0.72x0.64mm_HandSolder,20.759250,-89.325000,-90.000000,top
R47,1,R_0402_1005Metric_Pad0.72x0.64mm_HandSolder,22.685175,-89.325000,-90.000000,top
R48,1,R_0402_1005Metric_Pad0.72x0.64mm_HandSolder,24.611100,-89.325000,-90.000000,top
R49,1,R_0402_1005Metric_Pad0.72x0.64mm_HandSolder,26.537025,-89.325000,-90.000000,top
R50,1,R_0402_1005Metric_Pad0.72x0.64mm_HandSolder,1.500000,-89.325000,-90.000000,top
R51,1,R_0402_1005Metric_Pad0.72x0.64mm_HandSolder,3.425925,-89.325000,-90.000000,top
R52,1,R_0402_1005Metric_Pad0.72x0.64mm_HandSolder,5.351850,-89.325000,-90.000000,top
R53,1,R_0402_1005Metric_Pad0.72x0.64mm_HandSolder,7.277775,-89.325000,-90.000000,top
R54,1,R_0402_1005Metric_Pad0.72x0.64mm_HandSolder,9.203700,-89.325000,-90.000000,top
U1,SN74HC14DR,SOIC-14_3.9x8.7mm_P1.27mm,46.550000,-78.425000,-90.000000,top
U2,Pico,RPi_Pico_SMD_TH,28.055000,-49.675000,90.000000,top
U3,M24C32-WMN6TP,SO-8_3.9x4.9mm_P1.27mm,46.150000,-68.125000,0.000000,top
U4,74HC595,SO-16_3.9x9.9mm_P1.27mm,41.375000,-24.200000,180.000000,top
U5,74HC595,SO-16_3.9x9.9mm_P1.27mm,28.125000,-68.082500,-90.000000,top
U6,74HC165,SO-16_3.9x9.9mm_P1.27mm,14.450000,-24.200000,0.000000,top
U7,74HC595,SO-16_3.9x9.9mm_P1.27mm,27.912500,-24.200000,180.000000,top
U8,74HC595,SO-16_3.9x9.9mm_P1.27mm,28.125000,-78.355000,90.000000,top
U9,74HC595,SO-16_3.9x9.9mm_P1.27mm,8.450000,-68.082500,-90.000000,top
U10,74HC595,SO-16_3.9x9.9mm_P1.27mm,8.450000,-78.355000,90.000000,top
,,,,,,
